"var","mean","sd","median","min","max","skew"
"Macro - γ",0.661407361486167,0.304041688083909,0.7,0.2,1.2,0.155895749136545
"Macro - κ",0.29270978309318,0.370706038423122,0.1,0.01,1,1.20864397585785
"Macro - ρ",29.2137463017722,37.1453613422383,10,1,100,1.20882281952381
"Macro - σ",2.54174965493915,1.45034531081324,2.487179487,0.1,5,0.00764153426755994
"Meso - α",0.796098076094609,0.115492318254908,0.8,0.6,0.99,-0.0132648326235884
"Meso - Lconduit",0.55070860871484,0.260019653259701,0.55,0.1,1,-0.00167086120114778
"Micro - Perf factor",0.505422397579094,0.286714165410474,0.504,0.01,1,-0.00092440640164562
"Air - Nairseed",5.3379706002879,3.68023408115654,5,1,10,0.133344131078453
"Air - Vcat",2.9989492597535,1.41394566904339,3,1,5,-0.0012869636150166
"Micro - Pcap",0.549137027035547,0.260978244395608,0.55,0.1,1,-0.000771393509124793
"Micro - log10 Dpore",1.61019930184172,0.383453680314238,1.72427586960079,0,2,-1.84537881700888
"Macro - VD1",3.13095608963319,1.06678712178449,3.99478907160657,1.41329589465603,3.99478907160657,-0.561037308648918
"Macro - VD5",0.249888227784396,0.137103046327074,0.210084524881302,0.0763943726841098,0.878535285867262,1.72279433146593
"Macro - LD1",1.71766019497716,1.06678712178449,2.58149317695054,0,2.58149317695054,-0.561037308648919
"Macro - LD5",0.0122590327823424,0.0214976703188905,0,0,0.0986760647169751,2.04014982792463
