"var","mean","sd","median","min","max","skew"
"Kleafmax",2.00020773994202,0.63059567202239,1.94338888888889,0.607722222222222,4.46505555555555,0.702969435329908
"Ψ90",-1.78126087941922,1.8280889257462,-1.34953716620421,-10.7984278350515,-0.016682637815559,-1.86571153393482
"Ψ50",-2.98506962781106,2.14113629595691,-2.16951075927222,-13.1978,-0.0742895878524946,-1.77272794973085
"Ψ10",-3.32026268870726,2.38795373851336,-2.396358606442,-19.93,-0.968110185402488,-1.83719194271439
"ΨSlope90",0.270827246955822,0.466604949389089,0.120342460502417,0.0182337337693289,7.77449093885522,4.30896631520469
"ΨSlope50",4.42674774846316,6.5678849157896,2.81607273386775,0.0150183243206126,99.9172432056619,5.50724428259477
"ΨSlope10",0.960935292713597,2.01470137601893,0.377670539798098,0.0107221469733207,19.9548270079738,4.55879214131223
"Emb90,1",0.529920335770955,0.30235696986362,0.599027651876518,0,1,-0.252880770064855
"Emb90,5",0.53259155376211,0.325553637178736,0.594464439469026,0,1,-0.182122122319102
"Emb50,1",0.381456410681604,0.191847580709232,0.3489200824387,0,1,0.801505548001441
"Emb50,5",0.397426075358491,0.204092366692509,0.366666666666667,0,1,0.547545392761266
"Emb10,1",0.0771710889161021,0.0846422343781774,0.0526901278251286,0,0.96592449177154,2.52555523000918
"Emb10,5",0.0807699225275115,0.0783093559366135,0.0632700474642437,0,0.989496630994847,2.57500450368545
